INSERT IGNORE INTO users (id, name, email, password_hash) VALUES
(1, 'Nguyễn Văn A', 'vana@example.com', '$2a$10$AERfpp7qDFXoaFjSqWCyPedsJ6eLfFuVDuu5HUfvkzrgIGA6VBKc.');

INSERT IGNORE INTO tasks (id, user_id, title, description, color) VALUES
(1, 1, 'Learn SQL', 'Practice database queries', '#4361EE'),
(2, 1, 'Code Application', 'Develop backend API', '#06D6A0'),
(3, 1, 'Read Sapiens', 'Reading book', '#EF476F'),
(4, 1, 'Gym', 'Health and fitness', '#FFD166');

INSERT IGNORE INTO scheduled_tasks 
(id, user_id, task_id, scheduled_date, start_time, estimated_duration, status, is_completed, deadline) VALUES
(1, 1, 1, '2026-06-08', '08:00:00', 7200, 'DONE', TRUE, '2026-06-08 12:00:00'),
(2, 1, 2, '2026-06-08', '14:00:00', 7200, 'DONE', TRUE, '2026-06-08 18:00:00'),
(3, 1, 2, '2026-06-09', '09:00:00', 7200, 'DONE', TRUE, '2026-06-09 13:00:00'),
(4, 1, 3, '2026-06-09', '13:00:00', 3600, 'DONE', TRUE, '2026-06-09 15:00:00'),
(5, 1, 4, '2026-06-09', '17:00:00', 3600, 'DONE', TRUE, '2026-06-09 19:00:00'),
(6, 1, 2, '2026-06-10', '08:30:00', 10800, 'DONE', TRUE, '2026-06-10 17:00:00'),
(7, 1, 1, '2026-06-11', '09:00:00', 7200, 'DONE', TRUE, '2026-06-11 13:00:00'),
(8, 1, 3, '2026-06-11', '15:00:00', 3600, 'DONE', TRUE, '2026-06-11 17:00:00'),
(9, 1, 4, '2026-06-12', '07:00:00', 3600, 'DONE', TRUE, '2026-06-12 09:00:00'),
(10, 1, 2, '2026-06-12', '14:00:00', 7200, 'DONE', TRUE, '2026-06-12 18:00:00'),
(11, 1, 2, '2026-06-13', '09:00:00', 14400, 'DONE', TRUE, '2026-06-13 20:00:00'),
(12, 1, 3, '2026-06-14', '10:00:00', 7200, 'DONE', TRUE, '2026-06-14 14:00:00');

INSERT IGNORE INTO time_entries 
(user_id, task_id, start_time, end_time, duration, target_duration, pause_count, total_pause_time, mood_after_task, date) VALUES
(1, 1, '2026-06-08 08:00:00', '2026-06-08 10:00:00', 7200, 7200, 0, 0, 'ENERGIZED', '2026-06-08'),
(1, 2, '2026-06-08 14:00:00', '2026-06-08 16:00:00', 7200, 7200, 2, 600, 'NORMAL', '2026-06-08'),
(1, 2, '2026-06-09 09:00:00', '2026-06-09 11:00:00', 7200, 7200, 1, 300, 'NORMAL', '2026-06-09'),
(1, 3, '2026-06-09 13:00:00', '2026-06-09 14:00:00', 3600, 3600, 0, 0, 'HAPPY', '2026-06-09'),
(1, 4, '2026-06-09 17:00:00', '2026-06-09 18:00:00', 3600, 3600, 0, 0, 'ENERGIZED', '2026-06-09'),
(1, 2, '2026-06-10 08:30:00', '2026-06-10 12:00:00', 12600, 10800, 1, 300, 'TIRED', '2026-06-10'),
(1, 2, '2026-06-10 14:00:00', '2026-06-10 17:00:00', 10800, 10800, 0, 0, 'HAPPY', '2026-06-10'),
(1, 1, '2026-06-11 09:00:00', '2026-06-11 11:00:00', 7200, 7200, 5, 1200, 'TIRED', '2026-06-11'),
(1, 3, '2026-06-11 15:00:00', '2026-06-11 16:00:00', 3600, 3600, 0, 0, 'NORMAL', '2026-06-11'),
(1, 4, '2026-06-12 07:00:00', '2026-06-12 08:00:00', 3600, 3600, 0, 0, 'ENERGIZED', '2026-06-12'),
(1, 2, '2026-06-12 14:00:00', '2026-06-12 17:00:00', 10800, 7200, 3, 900, 'EXHAUSTED', '2026-06-12'),
(1, 2, '2026-06-13 09:00:00', '2026-06-13 13:00:00', 14400, 14400, 2, 400, 'HAPPY', '2026-06-13'),
(1, 3, '2026-06-14 10:00:00', '2026-06-14 12:00:00', 7200, 7200, 0, 0, 'HAPPY', '2026-06-14');




-- 1. Thêm người dùng
INSERT IGNORE INTO users (id, name, email, password_hash) VALUES
(2, 'Trần Thị B', 'thib@example.com', '$2a$10$AERfpp7qDFXoaFjSqWCyPedsJ6eLfFuVDuu5HUfvkzrgIGA6VBKc.');

-- 2. Danh sách các công việc (Tasks)
INSERT IGNORE INTO tasks (id, user_id, title, description, category) VALUES
(5, 2, 'Backend Development', 'Developing API', 'WORK'),
(6, 2, 'UI Design', 'Designing app screens', 'WORK'),
(7, 2, 'System Review', 'Code refactoring', 'WORK'),
(8, 2, 'English Learning', 'TOEFL practice', 'STUDY'),
(9, 2, 'Book Reading', 'Deep Work', 'STUDY'),
(10, 2, 'Strength Training', 'Weight lifting', 'EXERCISE'),
(11, 2, 'Yoga Session', 'Stretching', 'HEALTH'),
(12, 2, 'Grocery Shopping', 'Buying supplies', 'LIFESTYLE'),
(13, 2, 'Team Meeting', 'Project synchronization', 'WORK'),
(14, 2, 'Email Processing', 'Clearing inbox', 'WORK'),
(15, 2, 'Monthly Reporting', 'Compile analytics report', 'WORK'),
(16, 2, 'Client Call', 'Weekly project update', 'WORK'),
(17, 2, 'Skill Workshop', 'React framework training', 'STUDY'),
(18, 2, 'Meditation', 'Mindfulness session', 'HEALTH'),
(19, 2, 'Swimming', 'Pool training', 'EXERCISE'),
(20, 2, 'House Cleaning', 'Deep cleaning apartment', 'LIFESTYLE');

-- 3. Lịch trình (Scheduled Tasks)
INSERT IGNORE INTO scheduled_tasks (id, user_id, task_id, scheduled_date, start_time, estimated_duration, status, is_completed, deadline) VALUES
(13, 2, 5, '2026-05-16', '09:00:00', 7200, 'DONE', TRUE, '2026-05-16 11:00:00'),
(14, 2, 6, '2026-05-17', '14:00:00', 10800, 'DONE', TRUE, '2026-05-17 17:00:00'),
(15, 2, 13, '2026-05-18', '10:00:00', 3600, 'DONE', TRUE, '2026-05-18 11:00:00'),
(16, 2, 9, '2026-05-20', '20:00:00', 3600, 'DONE', TRUE, '2026-05-20 21:00:00'),
(17, 2, 10, '2026-05-22', '07:00:00', 3600, 'DONE', TRUE, '2026-05-22 08:00:00'),
(18, 2, 5, '2026-05-25', '08:00:00', 14400, 'DONE', TRUE, '2026-05-25 12:00:00'),
(19, 2, 7, '2026-05-27', '09:00:00', 7200, 'DONE', TRUE, '2026-05-27 11:00:00'),
(20, 2, 14, '2026-05-28', '08:30:00', 1800, 'DONE', TRUE, '2026-05-28 09:00:00'),
(21, 2, 11, '2026-06-03', '19:00:00', 1800, 'DONE', TRUE, '2026-06-03 19:30:00'),
(22, 2, 8, '2026-06-05', '15:00:00', 5400, 'DONE', TRUE, '2026-06-05 16:30:00'),
(23, 2, 5, '2026-06-07', '09:00:00', 10800, 'DONE', TRUE, '2026-06-07 12:00:00'),
(24, 2, 12, '2026-06-09', '18:00:00', 3600, 'DONE', TRUE, '2026-06-09 19:00:00'),
(25, 2, 5, '2026-06-12', '08:00:00', 18000, 'DONE', TRUE, '2026-06-12 13:00:00'),
(26, 2, 7, '2026-06-13', '09:00:00', 7200, 'DONE', TRUE, '2026-06-13 11:00:00'),
(27, 2, 6, '2026-06-14', '14:00:00', 7200, 'DONE', TRUE, '2026-06-14 16:00:00'),
(28, 2, 15, '2026-05-19', '09:00:00', 10800, 'DONE', TRUE, '2026-05-19 12:00:00'),
(29, 2, 16, '2026-05-21', '14:00:00', 3600, 'DONE', TRUE, '2026-05-21 15:00:00'),
(30, 2, 18, '2026-05-23', '06:30:00', 1800, 'DONE', TRUE, '2026-05-23 07:00:00'),
(31, 2, 17, '2026-05-26', '13:00:00', 7200, 'DONE', TRUE, '2026-05-26 15:00:00'),
(32, 2, 19, '2026-05-30', '18:00:00', 3600, 'DONE', TRUE, '2026-05-30 19:00:00'),
(33, 2, 20, '2026-06-02', '10:00:00', 7200, 'DONE', TRUE, '2026-06-02 12:00:00'),
(34, 2, 5, '2026-06-04', '09:00:00', 7200, 'DONE', TRUE, '2026-06-04 11:00:00'),
(35, 2, 6, '2026-06-06', '14:00:00', 5400, 'DONE', TRUE, '2026-06-06 15:30:00'),
(36, 2, 15, '2026-06-11', '09:00:00', 10800, 'DONE', TRUE, '2026-06-11 12:00:00'),
(37, 2, 14, '2026-05-20', '09:00:00', 1800, 'DONE', TRUE, '2026-05-20 09:30:00'),
(38, 2, 5, '2026-05-20', '10:00:00', 7200, 'DONE', TRUE, '2026-05-20 12:00:00'),
(39, 2, 6, '2026-05-23', '14:00:00', 3600, 'DONE', TRUE, '2026-05-23 15:00:00'),
(40, 2, 13, '2026-05-26', '10:00:00', 3600, 'DONE', TRUE, '2026-05-26 11:00:00'),
(41, 2, 9, '2026-05-29', '21:00:00', 3600, 'DONE', TRUE, '2026-05-29 22:00:00'),
(42, 2, 11, '2026-06-01', '07:00:00', 1800, 'DONE', TRUE, '2026-06-01 07:30:00'),
(43, 2, 14, '2026-06-04', '08:00:00', 1800, 'DONE', TRUE, '2026-06-04 08:30:00'),
(44, 2, 10, '2026-06-06', '17:00:00', 3600, 'DONE', TRUE, '2026-06-06 18:00:00'),
(45, 2, 13, '2026-06-08', '14:00:00', 3600, 'DONE', TRUE, '2026-06-08 15:00:00'),
(46, 2, 12, '2026-06-11', '19:00:00', 3600, 'DONE', TRUE, '2026-06-11 20:00:00');

-- 4. Nhật ký thời gian thực tế (Time Entries)
INSERT IGNORE INTO time_entries (user_id, task_id, start_time, end_time, duration, target_duration, pause_count, total_pause_time, mood_after_task, date) VALUES
(2, 5, '2026-05-16 09:00:00', '2026-05-16 11:15:00', 8100, 7200, 1, 300, 'NORMAL', '2026-05-16'),
(2, 6, '2026-05-17 14:00:00', '2026-05-17 17:00:00', 10800, 10800, 2, 600, 'HAPPY', '2026-05-17'),
(2, 13, '2026-05-18 10:00:00', '2026-05-18 11:00:00', 3600, 3600, 0, 0, 'NORMAL', '2026-05-18'),
(2, 9, '2026-05-20 20:00:00', '2026-05-20 21:00:00', 3600, 3600, 0, 0, 'ENERGIZED', '2026-05-20'),
(2, 10, '2026-05-22 07:00:00', '2026-05-22 08:15:00', 4500, 3600, 1, 100, 'TIRED', '2026-05-22'),
(2, 5, '2026-05-25 08:00:00', '2026-05-25 12:00:00', 14400, 14400, 3, 1200, 'EXHAUSTED', '2026-05-25'),
(2, 7, '2026-05-27 09:00:00', '2026-05-27 11:00:00', 7200, 7200, 0, 0, 'HAPPY', '2026-05-27'),
(2, 14, '2026-05-28 08:30:00', '2026-05-28 09:00:00', 1800, 1800, 0, 0, 'NORMAL', '2026-05-28'),
(2, 11, '2026-06-03 19:00:00', '2026-06-03 19:30:00', 1800, 1800, 0, 0, 'ENERGIZED', '2026-06-03'),
(2, 8, '2026-06-05 15:00:00', '2026-06-05 16:30:00', 5400, 5400, 1, 200, 'NORMAL', '2026-06-05'),
(2, 5, '2026-06-07 09:00:00', '2026-06-07 12:00:00', 10800, 10800, 0, 0, 'HAPPY', '2026-06-07'),
(2, 12, '2026-06-09 18:00:00', '2026-06-09 19:15:00', 4500, 3600, 0, 0, 'NORMAL', '2026-06-09'),
(2, 5, '2026-06-12 08:00:00', '2026-06-12 13:00:00', 18000, 18000, 4, 1800, 'EXHAUSTED', '2026-06-12'),
(2, 7, '2026-06-13 09:00:00', '2026-06-13 11:30:00', 9000, 7200, 1, 400, 'NORMAL', '2026-06-13'),
(2, 6, '2026-06-14 14:00:00', '2026-06-14 16:00:00', 7200, 7200, 0, 0, 'HAPPY', '2026-06-14'),
(2, 15, '2026-05-19 09:00:00', '2026-05-19 12:30:00', 12600, 10800, 2, 500, 'TIRED', '2026-05-19'),
(2, 16, '2026-05-21 14:00:00', '2026-05-21 15:00:00', 3600, 3600, 0, 0, 'HAPPY', '2026-05-21'),
(2, 18, '2026-05-23 06:30:00', '2026-05-23 07:00:00', 1800, 1800, 0, 0, 'ENERGIZED', '2026-05-23'),
(2, 17, '2026-05-26 13:00:00', '2026-05-26 15:30:00', 9000, 7200, 1, 300, 'NORMAL', '2026-05-26'),
(2, 19, '2026-05-30 18:00:00', '2026-05-30 19:15:00', 4500, 3600, 0, 0, 'HAPPY', '2026-05-30'),
(2, 20, '2026-06-02 10:00:00', '2026-06-02 12:30:00', 9000, 7200, 2, 600, 'NORMAL', '2026-06-02'),
(2, 5, '2026-06-04 09:00:00', '2026-06-04 11:00:00', 7200, 7200, 0, 0, 'HAPPY', '2026-06-04'),
(2, 6, '2026-06-06 14:00:00', '2026-06-06 15:45:00', 6300, 5400, 1, 150, 'TIRED', '2026-06-06'),
(2, 15, '2026-06-11 09:00:00', '2026-06-11 12:45:00', 13500, 10800, 3, 900, 'EXHAUSTED', '2026-06-11'),
(2, 14, '2026-05-20 09:00:00', '2026-05-20 09:40:00', 2400, 1800, 0, 0, 'NORMAL', '2026-05-20'),
(2, 5, '2026-05-20 10:00:00', '2026-05-20 12:15:00', 8100, 7200, 1, 300, 'NORMAL', '2026-05-20'),
(2, 6, '2026-05-23 14:00:00', '2026-05-23 15:10:00', 4200, 3600, 0, 0, 'HAPPY', '2026-05-23'),
(2, 13, '2026-05-26 10:00:00', '2026-05-26 10:50:00', 3000, 3600, 0, 0, 'NORMAL', '2026-05-26'),
(2, 9, '2026-05-29 21:00:00', '2026-05-29 22:00:00', 3600, 3600, 0, 0, 'ENERGIZED', '2026-05-29'),
(2, 11, '2026-06-01 07:00:00', '2026-06-01 07:45:00', 2700, 1800, 0, 0, 'ENERGIZED', '2026-06-01'),
(2, 14, '2026-06-04 08:00:00', '2026-06-04 08:45:00', 2700, 1800, 1, 300, 'NORMAL', '2026-06-04'),
(2, 10, '2026-06-06 17:00:00', '2026-06-06 18:20:00', 4800, 3600, 1, 400, 'TIRED', '2026-06-06'),
(2, 13, '2026-06-08 14:00:00', '2026-06-08 15:20:00', 4800, 3600, 2, 600, 'NORMAL', '2026-06-08'),
(2, 12, '2026-06-11 19:00:00', '2026-06-11 20:15:00', 4500, 3600, 0, 0, 'HAPPY', '2026-06-11');